{
  "accuracy": 0.8493589743589743,
  "precision": 0.8523809523809524,
  "recall": 0.9179487179487179,
  "f1_score": 0.8839506172839506,
  "num_test_samples": 624
}